{"cameraMode":{"drawMode":0,"name":"Shaded","section":"Shading Mode"},"sceneLighting":true,"audioPlay":false,"sceneViewState":{"m_AlwaysRefresh":false,"showFog":true,"showSkybox":true,"showFlares":true,"showImageEffects":true,"showParticleSystems":true,"showVisualEffectGraphs":true,"m_FxEnabled":true},"in2DMode":false,"pivot":{"x":7.677511692047119,"y":3.5177128314971926,"z":-14.564643859863282},"rotation":{"x":0.03543147072196007,"y":0.21009746193885804,"z":-0.007940847426652909,"w":0.9771512746810913},"size":0.0017818170599639416,"orthographic":false}