{"cameraMode":{"drawMode":0,"name":"Shaded","section":"Shading Mode"},"sceneLighting":false,"audioPlay":false,"sceneViewState":{"m_AlwaysRefresh":false,"showFog":true,"showSkybox":false,"showFlares":true,"showImageEffects":true,"showParticleSystems":true,"showVisualEffectGraphs":true,"m_FxEnabled":true},"in2DMode":false,"pivot":{"x":10.449600219726563,"y":1.8287999629974366,"z":4.960999965667725},"rotation":{"x":0.37229034304618838,"y":0.24357785284519196,"z":-0.1022348403930664,"w":0.8898852467536926},"size":0.08660273253917694,"orthographic":false}