{"cameraMode":{"drawMode":0,"name":"Shaded","section":"Shading Mode"},"sceneLighting":false,"audioPlay":false,"sceneViewState":{"m_AlwaysRefresh":false,"showFog":true,"showSkybox":false,"showFlares":true,"showImageEffects":true,"showParticleSystems":true,"showVisualEffectGraphs":true,"m_FxEnabled":true},"in2DMode":false,"pivot":{"x":0.052147090435028079,"y":1.0538005828857422,"z":-0.9436486959457398},"rotation":{"x":0.1658829003572464,"y":0.044912733137607577,"z":-0.007934488356113434,"w":0.9852935075759888},"size":1.7290327548980713,"orthographic":false}